index;L1;L2;L3;L4;Hex1;Hex2;Hex3;Hex4;Hex5;RF;Slot2Out2;Slot2Out3;Slot2Out4;EIC 2,9584 - 3,2623;EIC 18,9014 - 19,4015;EIC 28,9571 - 29,0837
1;-62.09;-81.5;-107.2;-102.83;-5.89;-75.86;-1.65;-117.19;-32.05;339.38;-84.9;-114.83;-70.94;1.87e-06;0.0214;0.00127
2;-83.17;-3.41;-17.71;-111.34;-74.96;-100.76;-6.93;-43.21;-84.27;389.95;-85.25;-2.03;-0.81;6.16e-06;0.00256;0.000144
3;-97.07;-36.7;-12.28;-70.85;-26.6;-38.09;-66.14;-85.72;-96.72;280.48;-61.97;-66.52;-12.01;2.03e-06;0.00202;0.000126
4;-114.41;-37.72;-62.97;-83.58;-87.57;-79.65;-38.17;-9.01;-63.33;375.42;-23.24;-59.65;-77.13;1.39e-06;0.000444;2.14e-05
5;-85.65;-45.35;-104.94;-17.79;-73.27;-32.84;-71.96;-1.02;-28.54;332.49;-77.14;-71.75;-86.24;2.7e-06;0.103;0.00572
6;-76.85;-111.74;-13.63;-65.37;-70.8;-11.22;-41.51;-40.02;-10.23;221.24;-64.79;-42.88;-41.33;2.34e-06;0.00336;0.00019
7;-12.33;-70.38;-42.72;-4.97;-82.88;-40.39;-25.07;-23.27;-44.54;178.88;-25.52;-88.47;-37.54;2.29e-05;0.000515;1.91e-05
8;-9.66;-113.4;-83.4;-59.41;-23.9;-47.03;-22.44;-44.99;-46.32;284.01;-6.51;-55.7;-48.66;2.14e-06;0.000457;3.15e-05
9;-112.38;-105.45;-54.93;-80.68;-59.63;-108.19;-91.25;-102.3;-7.98;101.21;-103.17;-94.9;-14.04;0.0115;0.00063;5.88e-05
10;-2.16;-5.43;-28.51;-118.93;-111.47;-1.25;-116.13;-47.8;-65.94;252.04;-114.24;-67.47;-95.97;2.8e-06;0.0871;0.00446
11;-42.5;-102.21;-44.85;-21.12;-38.79;-52.63;-53.74;-69.62;-55.88;257.73;-76.5;-89.16;-55.61;2.14e-06;0.0372;0.00255
12;-33.84;-59.27;-112.76;-66.71;-110.32;-101.3;-111.2;-30.11;-59.94;196.98;-28.5;-57.76;-83.14;1.66e-06;0.000846;4.52e-05
13;-111.35;-35.01;-15.69;-1.94;-51.87;-62.98;-84.72;-7.87;-4.67;182.14;-31.24;-7.8;-54.73;8.73e-06;0.000485;2.45e-05
14;-57.55;-108.42;-114.81;-36.46;-36.25;-31.79;-119.09;-54.7;-62.12;167.7;-81.09;-96.57;-110.27;0.0471;0.0752;0.0068
15;-61.02;-25.1;-68.93;-63.49;-29.13;-67.51;-75.88;-53.58;-1.57;328.78;-1.0;-29.67;-42.33;1.73e-06;3.78e-05;5.3e-06
16;-34.9;-20.6;-64.31;-85.91;-63.11;-42.8;-56.9;-29.11;-21.26;231.32;-11.71;-25.34;-30.37;1.34e-06;5.73e-05;1.73e-06
17;-99.09;-9.9;-3.31;-76.02;-105.76;-50.33;-118.01;-97.13;-117.66;353.05;-35.76;-48.54;-99.25;7.64e-07;0.00579;0.00038
18;-70.31;-58.75;-84.44;-48.5;-66.2;-105.59;-44.39;-72.0;-113.28;45.37;-44.54;-57.33;-39.2;0.0978;0.00261;0.000159
19;-25.35;-74.73;-64.98;-43.79;-101.05;-104.26;-47.54;-26.15;-21.88;359.96;-39.19;-10.95;-84.58;3.09e-06;0.000611;7.24e-05
20;-24.02;-28.98;-113.58;-31.43;-6.87;-116.79;-28.54;-17.02;-66.15;18.55;-20.19;-33.29;-105.14;0.0464;0.000608;9.86e-06
21;-80.96;-71.24;-10.21;-23.06;-112.26;-114.83;-61.96;-59.12;-115.48;327.98;-88.63;-38.93;-93.49;1.23e-06;0.0593;0.00465
22;-0.12;-44.02;-41.28;-61.44;-50.96;-96.12;-76.93;-89.57;-25.68;24.97;-93.51;-49.92;-115.23;0.607;0.0304;0.00131
23;-39.01;-20.07;-24.63;-33.61;-64.96;-26.35;-79.03;-72.36;-109.93;321.29;-115.99;-54.84;-74.36;3.35e-06;0.064;0.00525
24;-78.2;-42.13;-95.96;-106.46;-30.87;-6.07;-81.83;-46.68;-16.38;195.77;-19.19;-14.76;-20.31;3.5e-06;6.41e-05;6.57e-06
25;-18.95;-117.05;-51.95;-57.26;-61.72;-5.24;-103.41;-58.09;-92.35;109.65;-60.67;-2.96;-107.31;0.0254;0.00103;0.000123
26;-40.53;-28.27;-118.18;-15.36;-116.81;-111.95;-105.96;-93.42;-47.7;341.64;-28.96;-111.43;-21.81;2.45e-06;0.000348;1.76e-05
27;-107.19;-14.01;-81.3;-112.94;-38.33;-84.06;-89.75;-87.78;-52.7;260.4;-3.82;-19.89;-6.43;2.5e-06;2.69e-05;5.93e-06
28;-23.83;-40.24;-82.4;-7.1;-115.86;-0.56;-62.67;-39.11;-6.79;187.81;-33.32;-45.48;-16.73;2.46e-06;0.000332;2.09e-05
29;-92.81;-50.87;-92.19;-15.89;-80.66;-85.6;-9.63;-97.27;-69.15;319.5;-73.88;-103.7;-88.63;1.44e-06;0.0738;0.00508
30;-65.76;-0.1;-111.06;-104.43;-84.62;-26.98;-40.56;-110.1;-49.86;277.12;-100.71;-6.16;-23.51;2.77e-06;0.00159;0.0001
31;-75.87;-93.52;-92.84;-47.29;-60.04;-92.66;-107.24;-41.27;-86.82;301.13;-14.56;-77.51;-1.86;2.91e-06;6.17e-05;3.81e-06
32;-56.38;-48.29;-77.98;-68.21;-88.06;-89.55;-44.43;-32.24;-5.92;112.52;-88.86;-99.95;-87.42;0.0602;0.0419;0.00255
33;-31.28;-7.71;-35.29;-108.6;-48.22;-29.72;-72.52;-113.05;-108.5;296.87;-57.39;-36.1;-29.81;2.82e-06;0.000966;7.32e-05
34;-73.01;-104.0;-51.0;-57.83;-77.58;-109.7;-115.15;-91.03;-3.03;54.29;-93.8;-112.64;-40.41;0.0369;0.00199;0.000104
35;-101.37;-77.9;-96.58;-34.92;-0.22;-62.11;-54.71;-11.19;-42.79;134.38;-82.67;-118.62;-14.68;0.0287;0.00145;0.00014
36;-103.82;-110.42;-9.08;-42.25;-14.17;-98.05;-85.69;-35.91;-29.95;275.73;-25.09;-61.55;-102.87;3.02e-06;0.00103;0.000104
37;-115.41;-118.67;-0.79;-10.97;-10.89;-107.6;-38.84;-18.67;-92.92;215.67;-36.12;-83.63;-51.4;7.92e-06;0.00067;3.43e-05
38;-59.92;-85.81;-29.05;-19.97;-93.76;-24.0;-55.61;-106.32;-67.78;207.67;-38.2;-84.65;-33.58;2.58e-06;0.000425;4.74e-05
39;-36.72;-50.22;-6.78;-70.15;-64.15;-27.79;-96.24;-104.01;-116.48;397.79;-22.43;-92.88;-79.14;2.45e-06;0.00259;0.000276
40;-118.09;-81.97;-97.68;-12.25;-15.26;-83.77;-45.76;-5.39;-19.71;271.73;-20.54;-113.01;-60.67;2.01e-06;0.0025;0.000244
41;-27.04;-106.91;-99.44;-74.79;-91.51;-94.98;-17.39;-63.61;-48.09;1.65;-119.82;-73.02;-5.71;0.000197;7.09e-07;3.55e-07
42;-80.19;-98.52;-56.41;-98.55;-33.41;-90.84;-49.88;-3.48;-94.27;60.32;-95.59;-9.15;-7.59;0.0867;0.00097;9.07e-05
43;-46.26;-32.91;-58.84;-30.99;-119.53;-57.27;-16.44;-61.11;-40.67;365.81;-113.47;-76.33;-68.26;4e-06;0.0398;0.00466
44;-43.78;-92.12;-38.01;-90.46;-34.89;-2.8;-100.92;-78.93;-86.25;171.01;-82.92;-63.39;-110.76;0.0156;0.135;0.00762
45;-89.49;-41.23;-76.74;-116.05;-114.52;-94.78;-52.05;-79.43;-13.03;232.09;-109.44;-53.81;-116.77;2.05e-06;0.0415;0.00355
46;-52.41;-86.88;-37.0;-18.29;-46.99;-24.19;-112.73;-48.05;-80.87;146.68;-47.71;-68.59;-4.39;0.00197;0.000681;7.55e-05
47;-48.72;-78.21;-55.95;-32.86;-54.84;-44.62;-33.99;-100.6;-54.94;311.37;-39.76;-3.89;-24.34;2.93e-06;0.000468;4.9e-05
48;-54.28;-57.06;-39.19;-114.03;-7.68;-119.18;-4.6;-13.38;-43.39;57.33;-90.48;-107.95;-64.92;0.323;0.0345;0.00172
49;-99.96;-94.21;-2.32;-7.92;-2.36;-82.32;-20.48;-19.26;-9.12;64.58;-97.76;-119.87;-46.28;0.13;0.00794;0.000516
50;-108.67;-46.12;-108.54;-3.75;-4.37;-30.38;-68.82;-114.98;-23.4;251.72;-50.36;-28.72;-72.47;5.84e-06;0.00138;7.42e-05
51;-90.04;-11.69;-22.91;-37.62;-18.78;-14.32;-109.47;-84.59;-37.06;86.48;-69.24;-41.21;-27.07;0.0282;0.000739;8.63e-05
52;-2.77;-32.26;-78.21;-25.49;-28.12;-86.41;-14.19;-105.4;-26.41;387.15;-14.16;-47.54;-89.84;1.96e-06;0.000289;2.53e-05
53;-102.49;-26.59;-33.85;-56.0;-108.26;-17.42;-32.74;-34.6;-57.74;240.88;-42.31;-5.92;-17.48;2.08e-06;0.000441;1.84e-05
54;-16.14;-21.71;-66.94;-50.93;-10.32;-9.76;-116.68;-81.01;-51.39;43.46;-56.38;-98.69;-11.99;0.0536;0.000177;2e-05
55;-84.5;-76.73;-11.44;-107.95;-53.72;-78.45;-32.33;-101.53;-98.94;172.35;-87.08;-87.3;-94.14;0.00765;0.0233;0.00146
56;-47.03;-6.85;-80.18;-92.95;-45.26;-37.14;-102.1;-22.62;-102.78;105.82;-67.11;-40.73;-62.83;0.0943;0.00345;0.000231
57;-82.21;-118.9;-47.28;-27.36;-25.69;-9.29;-92.42;-28.48;-71.82;20.86;-10.21;-37.94;-119.86;0.0189;0.000709;2.05e-05
58;-69.29;-100.11;-20.36;-99.68;-103.46;-102.55;-65.33;-4.54;-106.77;225.77;-111.61;-93.72;-74.74;8.68e-06;0.0288;0.00208
59;-74.31;-89.29;-74.31;-78.32;-82.24;-15.07;-25.52;-76.53;-13.37;217.96;-59.8;-18.21;-3.12;1.79e-06;0.000528;5.41e-05
60;-94.43;-15.49;-53.07;-91.61;-31.4;-64.2;-3.3;-26.46;-87.85;81.5;-103.75;-102.28;-9.65;0.0209;0.000225;1.93e-05
61;-67.48;-18.04;-109.57;-51.85;-43.32;-48.23;-48.88;-68.75;-57.04;244.68;-57.63;-16.36;-46.93;1.94e-06;0.00105;0.000115
62;-87.22;-101.52;-27.52;-13.59;-49.97;-91.28;-35.76;-65.47;-114.68;264.61;-101.09;-13.32;-56.57;3.28e-06;0.00671;0.000747
63;-8.65;-55.78;-105.88;-82.27;-105.22;-73.06;-23.42;-9.92;-19.08;291.68;-51.3;-10.22;-49.4;1.19e-06;0.000428;3.58e-05
64;-22.47;-90.04;-70.09;-117.07;-55.46;-66.95;-42.98;-95.77;-77.86;50.53;-107.07;-20.7;-51.82;0.218;0.0102;0.00115
65;-110.24;-31.15;-67.51;-8.85;-33.97;-22.64;-27.18;-14.77;-91.19;210.54;-79.65;-80.98;-66.93;0.000512;0.0469;0.00332
66;-44.76;-12.65;-32.66;-96.4;-67.91;-12.97;-29.6;-115.56;-34.24;371.75;-96.23;-50.78;-90.44;3.37e-06;0.0436;0.00509
67;-74.71;-72.8;-86.5;-28.01;-41.09;-77.91;-70.53;-75.01;-83.69;379.01;-41.98;-70.31;-35.31;3.67e-06;0.000351;4.03e-05
68;-92.22;-23.74;-102.93;-117.84;-16.81;-58.82;-59.35;-50.43;-64.13;161.35;-13.13;-101.45;-31.38;5.73e-05;0.000144;9.33e-06
69;-40.88;-109.3;-99.84;-29.46;-113.84;-20.78;-64.68;-119.29;-70.23;124.22;-52.93;-30.43;-97.21;0.0269;0.0191;0.00202
70;-88.57;-66.53;-72.98;-46.79;-68.95;-118.01;-67.97;-63.41;-101.6;305.26;-62.56;-12.76;-106.53;3.18e-06;0.00306;0.000423
71;-106.19;-39.15;-58.26;-45.23;-43.03;-73.64;-19.95;-82.96;-95.32;77.94;-34.24;-91.22;-68.96;0.0494;0.0155;0.00146
72;-119.75;-65.34;-4.48;-69.54;-71.62;-7.74;-79.7;-37.29;-111.7;158.31;-105.8;-90.19;-59.03;0.00756;0.0112;0.000902
73;-20.03;-54.34;-49.46;-100.89;-100.71;-60.84;-5.01;-111.5;-11.9;136.11;-78.16;-16.91;-118.51;0.00106;0.00212;0.000277
74;-17.42;-73.91;-60.41;-64.51;-3.19;-40.89;-94.76;-82.54;-75.83;73.83;-27.04;-34.22;-82.51;0.00396;0.00195;0.000152
75;-98.22;-52.23;-30.53;-103.7;-80.04;-50.63;-36.37;-112.41;-60.98;344.14;-16.97;-86.33;-21.59;2.38e-06;0.000241;2.28e-05
76;-113.58;-16.78;-94.41;-97.88;-56.69;-16.71;-7.26;-16.59;-72.59;36.24;-69.62;-74.62;-101.28;0.251;0.0157;0.000831
77;-31.06;-63.59;-61.78;-89.63;-102.57;-52.88;-30.64;-87.24;-79.55;380.4;-72.21;-26.91;-36.84;2.4e-06;0.00125;0.000164
78;-57.6;-84.61;-40.21;-24.59;-72.98;-19.0;-105.34;-62.21;-119.71;12.23;-74.68;-105.35;-8.46;0.0883;3.64e-05;3.43e-07
79;-6.01;-96.91;-104.39;-109.98;-8.77;-71.0;-0.17;-20.88;-30.42;34.08;-8.46;-43.32;-111.71;0.00336;0.000145;1.48e-05
80;-4.7;-4.26;-89.72;-112.63;-98.42;-38.6;-15.34;-51.94;-73.65;203.11;-5.6;-0.97;-79.94;3.63e-06;3.48e-05;4.33e-06
81;-7.62;-115.85;-88.72;-84.08;-46.71;-34.52;-91.01;-91.39;-105.28;95.74;-64.84;-115.93;-45.47;0.145;0.00619;0.000685
82;-53.71;-97.99;-119.71;-79.98;-58.4;-106.14;-12.24;-24.73;-111.27;117.27;-52.54;-109.65;-96.23;0.179;0.04;0.00327
83;-117.38;-114.27;-20.69;-72.77;-20.08;-4.36;-58.75;-107.54;-33.21;362.07;-15.76;-116.94;-18.54;4.78e-06;0.000205;1.73e-05
84;-38.37;-83.58;-43.88;-77.24;-21.79;-88.44;-100.63;-6.22;-37.97;98.99;-54.99;-65.14;-81.03;0.436;0.0298;0.00295
85;-62.59;-68.78;-71.6;-41.77;-40.71;-35.69;-88.38;-76.82;-53.8;236.86;-91.97;-108.56;-27.99;2.43e-06;0.00209;0.000302
86;-33.02;-25.62;-74.63;-86.65;-107.06;-54.45;-11.04;-12.47;-35.81;10.61;-108.2;-24.72;-58.4;0.295;0.00415;7.08e-05
87;-29.53;-60.3;-22.51;-0.07;-89.3;-43.64;-83.05;-66.19;-25.04;121.53;-116.83;-52.27;-92.35;0.0348;0.0512;0.00507
88;-105.27;-61.75;-48.03;-54.51;-76.57;-115.75;-75.03;-57.27;-74.9;395.63;-8.16;-82.29;-25.55;3.06e-06;3.43e-05;6.74e-06
89;-21.52;-63.64;-45.87;-60.94;-20.45;-98.52;-113.53;-108.9;-39.16;191.16;-98.53;-79.85;-113.01;0.000192;0.0326;0.00314
90;-70.95;-80.23;-116.71;-95.24;-90.79;-69.12;-98.03;-49.82;-0.87;30.55;-43.54;-21.81;-76.37;0.0517;0.000909;5.57e-05
91;-49.63;-34.66;-19.06;-94.19;-12.86;-69.65;-80.52;-68.25;-41.03;150.93;-2.77;-31.43;-61.61;3.65e-05;0.00032;3.2e-05
92;-5.48;-68.16;-8.23;-88.19;-97.64;-55.33;-73.3;-33.2;-107.9;153.34;-104.43;-23.5;-33.89;0.00597;0.00108;9.86e-05
93;-28.2;-53.92;-5.5;-22.41;-95.91;-81.3;-108.14;-36.06;-81.61;294.23;-68.31;-64.73;-43.38;3.17e-06;0.00448;0.000492
94;-95.18;-9.54;-90.96;-38.46;-16.54;-20.28;-87.34;-73.37;-78.79;314.98;-30.55;-98.13;-53.79;1.46e-06;0.000613;4.25e-05
95;-50.59;-17.94;-116.18;-74.29;-24.71;-64.98;-61.12;-1.21;-14.55;6.05;-118.02;-45.65;-99.63;0.241;0.000908;8.68e-06
96;-13.25;-47.54;-85.66;-10.69;-117.98;-74.92;-18.31;-55.51;-17.47;88.74;-45.67;-106.54;-109.19;0.113;0.0253;0.00209
97;-64.24;-87.71;-101.42;-3.03;-92.96;-58.18;-98.89;-42.37;-89.39;129.36;-2.2;-74.23;-64.34;0.000219;8.87e-05;1.37e-05
98;-15.15;-105.86;-14.78;-53.93;-96.9;-113.91;-95.51;-93.64;-100.58;350.13;-71.1;-35.81;-114.36;3.81e-06;0.0333;0.00474
99;-10.88;-2.38;-32.08;-39.91;-85.79;-46.34;-9.55;-98.59;-98.23;143.39;-49.04;-60.67;-103.56;0.0148;0.0104;0.00115
100;-66.37;-95.58;-25.3;-49.48;-78.03;-111.02;-50.71;-118.48;-103.42;70.23;-110.94;-78.33;-69.84;0.301;0.0271;0.00239
101;-21.3968;-120.0;-60.0707;0.0;-48.6773;-97.6688;-97.8322;-89.0365;-116.0974;96.2401;-79.9193;-74.671;-94.6711;0.0832;0.0257;0.0025
102;-34.4672;-120.0;-29.2934;0.0;0.0;-98.1978;-103.0297;0.0;-105.0168;94.095;-81.3322;-91.0698;-96.7687;0.0492;0.0273;0.0022
103;-2.7484;-120.0;-64.9925;0.0;-120.0;-78.0403;-91.1225;-120.0;-120.0;117.4032;-80.0557;-66.539;-97.0981;0.0353;0.0413;0.00279
104;0.0;-120.0;-84.689;0.0;-112.0206;0.0;-97.0728;0.0;-120.0;263.4186;-88.7609;-76.8503;-102.8943;0.0;0.0311;0.0025
105;0.0;-120.0;-29.1735;0.0;-120.0;-82.939;-93.1475;0.0;-97.1225;45.6224;-83.3701;-59.759;-97.0816;0.193;0.0121;0.00121
106;-79.5271;-54.8202;-54.5178;-16.343;-70.5138;-94.7558;-81.7091;-120.0;-50.1382;78.8742;-85.7527;-57.6278;-91.6973;0.208;0.0536;0.00576
107;-34.6501;-120.0;-8.0377;0.0;0.0;-120.0;-113.4926;0.0;-82.5773;339.7273;-109.9982;-109.5325;-117.2923;0.12;0.0127;0.00134
108;-114.6414;0.0;-20.0793;0.0;0.0;0.0;-92.8304;-108.7735;-61.4753;210.1575;-93.136;-55.484;-97.2238;0.0771;0.0381;0.00385
109;-98.7669;-78.7256;-55.6454;-70.1754;-49.5435;-87.0132;-118.2735;-13.6987;-71.6993;109.3615;-89.5994;-120.0;-110.1669;8.51e-05;0.131;0.00843
110;-33.4869;-46.1209;-120.0;0.0;-73.0713;-92.0381;-66.7829;-48.4489;-48.441;71.0764;-76.4504;-94.6667;-84.719;5.97e-07;0.016;0.00172
111;0.0;-120.0;-80.3274;-120.0;-21.8753;0.0;-116.3125;-96.8117;-31.9952;126.6768;-68.2525;-108.981;-101.754;0.0132;0.0337;0.00374
112;-78.7806;-34.5172;-66.1286;-99.4586;-48.9724;-34.2353;-57.4192;-120.0;-120.0;21.5829;-77.426;-48.5374;-97.7456;0.422;0.0116;0.000539
113;-2.8476;-119.1021;-55.933;-98.0749;-95.7016;0.0;0.0;-120.0;0.0;88.63;-57.1492;-101.4849;-85.5061;0.00916;0.0107;0.000931
114;-120.0;0.0;-50.7432;-120.0;-120.0;-70.7133;-85.867;-120.0;0.0;324.4827;-91.1199;-64.0002;-94.696;2.56e-07;0.0365;0.00351
115;0.0;-120.0;-33.0815;-107.0531;-69.6637;-63.7081;-120.0;-120.0;0.0;88.1932;-75.2217;-120.0;-105.5112;0.131;0.028;0.00254
116;-24.5887;-96.4989;-13.3089;-103.802;-50.9183;-95.3636;-84.271;-120.0;0.0;96.1318;-86.3219;-83.1396;-89.8199;0.0992;0.0292;0.00273
117;-120.0;-34.5484;-109.2881;-120.0;-120.0;-4.3665;-95.2483;-120.0;0.0;165.9734;-94.9646;-97.4245;-96.6444;9.15e-05;0.0222;0.00204
118;-120.0;0.0;-0.7771;-120.0;-120.0;-69.3606;-91.2729;-120.0;0.0;400.0;-97.4869;-79.0818;-93.7969;3.13e-06;0.0135;0.00162
119;-3.317;-75.6938;-16.9606;-94.5848;-3.112;-81.312;-78.7495;-120.0;0.0;86.8701;-85.4401;-84.2138;-81.2079;0.0532;0.0285;0.00289
120;-120.0;-39.2222;-84.7993;-120.0;-120.0;-101.753;-92.4702;-120.0;0.0;400.0;-96.2252;-80.0107;-94.8677;1.89e-05;0.0141;0.00183
121;-18.973;-40.9272;-30.4944;-55.1699;-51.1504;-120.0;-42.9012;-15.1997;-33.3845;63.6596;-72.1919;-81.639;-100.2234;1.22;0.0333;0.00428
122;-111.2373;-33.9652;-56.2221;-9.5888;0.0;0.0;-19.1703;-120.0;-64.8139;153.3131;-94.0422;-86.8322;-101.0883;0.00229;0.17;0.0139
123;-47.8115;-10.9258;-64.4171;-89.3421;-20.6293;-70.396;-54.013;0.0;-19.9225;14.0344;-81.8649;-42.004;-94.6969;0.359;0.00364;0.000116
124;-16.0767;-52.6456;-55.4763;-52.8963;-16.6958;-71.6415;0.0;-14.7736;-51.1724;113.6452;-73.1511;-99.4857;-103.0589;0.134;0.0418;0.00469
125;-120.0;-42.5866;-50.3031;0.0;0.0;-96.9381;-120.0;0.0;-84.9702;318.8887;-96.9676;-83.7579;-100.8848;1.58e-07;0.0459;0.00422
126;-30.609;-66.8812;-43.9027;-72.803;-80.4432;-94.5029;-91.5851;-92.3146;-22.9593;64.0109;-81.2518;-71.0378;-99.6713;0.271;0.0261;0.00337
127;-68.4778;-120.0;-101.4765;-72.4485;0.0;-13.5937;-36.3227;-77.4103;-70.0961;136.1207;-90.8698;-83.8977;-100.3172;0.051;0.0908;0.0114
128;-60.5859;-120.0;-64.6871;-100.6036;-58.1698;-96.0552;-118.0704;-120.0;-53.2117;107.3228;-100.5727;-40.4602;-93.3925;0.0786;0.0268;0.00379
129;-60.8362;-120.0;-112.315;-22.7319;0.0;-118.6422;0.0;-39.6798;-70.8795;157.0127;-92.3974;-120.0;-103.6824;0.00865;0.0718;0.00619
130;-120.0;0.0;-101.6951;0.0;0.0;-77.3913;0.0;-54.9784;-89.965;292.0714;-113.5204;-92.5896;-103.5852;2.32e-07;0.0438;0.00474
131;-57.731;-28.0103;-17.8805;0.0;-86.2181;0.0;0.0;-108.2591;-63.8671;47.0667;-83.6159;-112.729;-108.8216;0.138;0.0124;0.000947
132;0.0;0.0;-38.3348;0.0;-120.0;0.0;0.0;-98.301;-68.2494;96.0707;-86.1447;-106.0385;-103.2102;0.0806;0.0374;0.0024
133;0.0;-120.0;-44.2802;0.0;0.0;0.0;0.0;-89.4031;-58.6492;331.7296;-106.8693;-61.1739;-98.527;9.05e-06;0.0759;0.0115
134;0.0;-0.2472;-102.8686;-120.0;-34.7959;0.0;0.0;-120.0;-93.2156;120.483;-86.8011;-109.9633;-104.1852;0.00582;0.00784;0.0007
135;-33.7659;-5.7659;0.0;0.0;-116.5713;0.0;0.0;-70.8704;-55.2705;66.5618;-78.6567;-115.0808;-107.8844;0.175;0.0261;0.00157
136;-120.0;-120.0;-77.7784;0.0;0.0;0.0;-56.4708;-30.8896;-62.2172;161.1602;-89.7271;-88.6578;-97.6132;0.0074;0.0318;0.00273
137;-67.9114;-37.2589;-47.7421;0.0;-92.2307;-120.0;-37.7813;-55.9285;-70.0449;38.1098;-88.1796;-45.9347;-91.5365;0.178;0.00695;0.000599
138;-8.593;-37.1097;-29.0056;0.0;-120.0;-78.3326;-46.4939;-2.4242;-48.1296;89.3375;-59.3396;-86.0837;-97.4462;0.386;0.0273;0.00303
139;-119.3945;-120.0;-86.5229;0.0;0.0;-120.0;-72.7204;0.0;-50.7146;168.1756;-76.6632;-120.0;-99.219;0.00199;0.0185;0.00172
140;-71.881;-71.8616;-25.2562;0.0;-120.0;-120.0;-30.4257;-45.1566;-59.0666;64.3459;-87.3174;-72.3853;-94.3494;0.229;0.0167;0.00178
141;-65.2269;-120.0;-84.8986;-96.1271;-36.6055;-120.0;-102.465;-120.0;0.0;24.0266;-117.3732;-13.9005;-102.6589;0.059;0.000101;8.51e-06
142;-38.8265;-120.0;-10.7071;-49.4573;-29.6567;-120.0;-67.254;-30.1201;0.0;38.181;-81.0981;-98.5309;-82.159;0.457;0.00999;0.000872
143;-40.1535;-120.0;-45.1361;-63.4956;-48.4618;-120.0;-105.6363;-120.0;0.0;34.4696;-120.0;-24.2567;-92.6735;0.148;0.0202;0.000154
144;-88.4926;-120.0;-114.1329;-120.0;-14.8201;-104.6227;-19.0287;-120.0;-87.6654;17.2934;-100.2951;-22.5663;-97.8602;0.127;0.000899;5.1e-05
145;-29.4115;-120.0;-26.9455;-38.0559;-35.9578;-120.0;-120.0;0.0;0.0;57.6226;-52.0027;-120.0;-95.3838;0.0861;0.00678;0.000549
